Periodo;num_casos;Total;PIB Trimestral
202104;71203626;3104.2;0
202201;69084800;3246.194386;0
202202;421960;3373.258353;0
202203;73600;3373.258353;0
202204;149680;3373.258353;0
202301;1350520;3373.258353;0
202302;422000;3373.258353;0
202303;74200;3373.258353;0
202304;149680;3373.258353;0
